{"cameraMode":{"drawMode":0,"name":"Shaded","section":"Shading Mode"},"sceneLighting":true,"audioPlay":false,"sceneViewState":{"showFog":true,"showMaterialUpdate":false,"showSkybox":true,"showFlares":true,"showImageEffects":true,"showParticleSystems":true},"in2DMode":false,"pivot":{"x":-0.5285307168960571,"y":1.51171875,"z":-2.210277557373047},"rotation":{"x":0.622683584690094,"y":0.01455177366733551,"z":-0.01158206257969141,"w":0.7822527885437012},"size":7.838209629058838,"orthographic":true}